{
  "view/SaveTemplateName.fragment.xml": 1738732037968,
  "manifest.json": 1739885490530,
  "controller/hrtime.controller.js": 1738850670635,
  "controller/App.controller.js": 1738732066436,
  "model/models.js": 1738390219275,
  "Component.js": 1738390210039,
  "controller/hrtime-dbg.controller.js": 1738850670635,
  "controller/hrtime.controller.js.map": 1739885490745,
  "controller/App-dbg.controller.js": 1738732066436,
  "controller/App.controller.js.map": 1739885490704,
  "model/models-dbg.js": 1738390219275,
  "model/models.js.map": 1739885490698,
  "Component-dbg.js": 1738390210039,
  "Component.js.map": 1739885490698,
  "Component-preload.js": 1739885490864,
  "Component-preload.js.map": 1739885490864,
  "view/hrtime.view.xml": 1738732037968,
  "view/SelectTemplate.fragment.xml": 1738920146627,
  "i18n/i18n.properties": 1738838945856,
  "view/EmployeeVH.fragment.xml": 1738732037968,
  "view/App.view.xml": 1738732037968,
  "view/AddEntries.fragment.xml": 1738847435760,
  "css/style.css": 1738390214675,
  "index.html": 1738390210039
}