{
  "Component.js.map": 1733332487270,
  "controller/hrtime.controller.js": 1732790315359,
  "model/models.js": 1732650328792,
  "controller/App.controller.js": 1732650328796,
  "manifest.json": 1733332487091,
  "Component.js": 1732650328788,
  "controller/hrtime-dbg.controller.js": 1732790315359,
  "controller/hrtime.controller.js.map": 1733332487329,
  "model/models-dbg.js": 1732650328792,
  "model/models.js.map": 1733332487265,
  "controller/App-dbg.controller.js": 1732650328796,
  "controller/App.controller.js.map": 1733332487273,
  "Component-dbg.js": 1732650328788,
  "i18n/i18n.properties": 1732784128294,
  "Component-preload.js": 1733332487441,
  "Component-preload.js.map": 1733332487441,
  "view/hrtime.view.xml": 1732707315879,
  "view/EmployeeVH.fragment.xml": 1732720948415,
  "view/App.view.xml": 1732650328800,
  "view/AddEntries.fragment.xml": 1732783825618,
  "css/style.css": 1732650328796,
  "index.html": 1732650328788
}